<?xml version="1.0" encoding="UTF-8"?>
<!DOCTYPE glassfish-ejb-jar PUBLIC "-//GlassFish.org//DTD GlassFish Application Server 3.1 EJB 3.1//EN" "http://glassfish.org/dtds/glassfish-ejb-jar_3_1-1.dtd">
<glassfish-ejb-jar>
  <enterprise-beans>
    <ejb>
      <ejb-name>NewMessageBean</ejb-name>
      <mdb-connection-factory>
        <jndi-name>amqres</jndi-name>
      </mdb-connection-factory>
      <mdb-resource-adapter>
        <resource-adapter-mid>activemq-rar-5.5.1</resource-adapter-mid>
      </mdb-resource-adapter>
      <jndi-name>replyQueue</jndi-name>
    </ejb>
    <ejb>
      <ejb-name>NewSessionBean</ejb-name>
      <resource-ref>
        <res-ref-name>amqres</res-ref-name>
        <jndi-name>amqres</jndi-name>
      </resource-ref>
      <message-destination-ref>
        <message-destination-ref-name>amqmsg</message-destination-ref-name>
        <jndi-name>amqmsg</jndi-name>
      </message-destination-ref>
    </ejb>
    <message-destination>
      <jndi-name>replyQueue</jndi-name>
    </message-destination>
  </enterprise-beans>
</glassfish-ejb-jar>
